Algorithm,MSE,MAPE,Pearson Coefficient
Naive_MLP,27.2158145904541,1.0536994934082031,-0.05444306880235672
Postal_GNN,23.80392837524414,0.9842424988746643,0.06846863031387329
